timestamp,sensor_id,temperature,humidity
1000,sensor_C,23.27,42.3
1005,sensor_A,24.91,57.1
1010,sensor_C,20.87,52.7
1015,sensor_A,20.74,35.9
1020,sensor_A,23.27,51.8
1025,sensor_C,23.43,54.5
1030,sensor_C,19.28,43.3
1035,sensor_A,23.95,57.8
1040,sensor_A,22.47,39.7
1045,sensor_B,23.94,38.1
1050,sensor_B,28.37,53.1
1055,sensor_A,24.99,56.9
1060,sensor_C,23.88,37.4
1065,sensor_B,28.37,59.9
1070,sensor_C,22.28,40.8
1075,sensor_A,21.88,36.4
1080,sensor_A,23.75,60.7
1085,sensor_A,17.83,46.4
1090,sensor_B,24.37,46.1
1095,sensor_A,21.71,55.1
1100,sensor_C,23.4,53.3
1105,sensor_A,21.99,51.0
1110,sensor_A,23.91,64.7
1115,sensor_C,22.5,55.6
1120,sensor_A,21.62,58.3
1125,sensor_A,19.83,59.7
1130,sensor_B,24.96,62.4
1135,sensor_C,21.39,61.3
1140,sensor_B,25.99,61.5
1145,sensor_C,23.06,48.8
1150,sensor_B,27.4,51.2
1155,sensor_C,23.29,52.5
1160,sensor_C,19.98,64.9
1165,sensor_C,21.75,49.8
1170,sensor_A,23.67,39.8
1175,sensor_C,20.21,47.7
1180,sensor_A,21.18,49.0
1185,sensor_B,27.11,64.1
1190,sensor_A,22.62,61.5
1195,sensor_B,24.7,58.1
